Player,id
Larry Allen,AlleLa00
Tony Boselli,BoseTo00
Derrick Brooks,BrooDe00
Kevin Carter,CartKe00
Marshall Faulk,FaulMa00
Tony Gonzalez,GonzTo00
Kevin Hardy,HardKe00
Marvin Harrison,HarrMa00
Edgerrin James,JameEd00
Jevon Kearse,KearJe00
Ray Lewis,LewiRa00
John Lynch,LyncJo00
Sam Madison,MadiSa00
Orlando Pace,PaceOr00
Warren Sapp,SappWa00
Kurt Warner,WarnKu00
Olindo Mare,marexoli01
Mitch Berger,BergMi20
Darrell Russell,RussDa00
Cris Carter,CartCr00
Bruce Matthews,MattBr00
Kevin Mawae,MawaKe00
Glyn Milburn,MilbGl00
Lawyer Milloy,MillLa00
Charles Woodson,WoodCh00
Isaac Bruce,BrucIs00
Carnell Lake,LakeCa00
Deion Sanders,SandDe00
Michael Bates,BateMi00
Jeff Christy,ChriJe00
Trevor Pryce,PrycTr00
Tom Tupa,TupaTo20
Tom Nalen,NaleTo00
Mike Alstott,AlstMi00
Will Shields,ShieWi00
Zach Thomas,ThomZa01
Jessie Armstead,ArmsJe00
Peter Boulware,BoulPe00
Tony Brackens,BracTo00
Ruben Brown,BrowRu00
Stephen Davis,DaviSt00
Eddie George,GeorEd00
Tre' Johnson,JohnTr03
Todd Lyght,LyghTo00
Peyton Manning,MannPe00
Hardy Nickerson,NickHa00
Jonathan Ogden,OgdeJo00
Jimmy Smith,SmitJi00
Wesley Walls,WallWe00
Brian Dawkins,DawkBr00
Luther Elliss,ElliLu00
Tremain Mack,MackTr00
Robert Porcher,PorcRo00
Willie Roaf,RoafWi00
Detron Smith,SmitDe00
Jason Hanson,hansojas01
Sam Gash,GashSa00
Simeon Rice,RiceSi00
Leon Searcy,SearLe00
Junior Seau,SeauJu00
Bryant Young,YounBr00
Steve Beuerlein,BeueSt00
Stephen Boyd,BoydSt00
Chad Brown,BrowCh04
Tim Brown,BrowTi00
Mark Brunell,BrunMa00
Dexter Coakley,CoakDe00
Corey Dillon,DillCo00
Rich Gannon,GannRi00
Terry Glenn,GlenTe00
Tim Grunhard,GrunTi20
James Hasty,HastJa00
Brad Johnson,JohnBr00
Keyshawn Johnson,JohnKe00
Walter Jones,JoneWa00
Cortez Kennedy,KennCo00
Mo Lewis,LewiMo00
Tony Mayberry,MaybTo00
Michael McCrary,McCrMi00
Randall McDaniel,McDaRa00
Randy Moss,MossRa00
Muhsin Muhammad,MuhaMu00
Lance Schulters,SchuLa00
David Sloan,SloaDa00
Emmitt Smith,SmitEm00
Michael Strahan,StraMi02
Troy Vincent,VincTr00
Aeneas Williams,WillAe00
Erik Williams,WillEr01
Rod Woodson,WoodRo01
Frank Wycheck,WychFr00
Hugh Douglas,DougHu00
La'Roi Glover,GlovLa00
Derrick Mason,MasoDe00
Samari Rolle,RollSa00
Darren Sharper,SharDa00
Jason Taylor,TaylJa03
Matt Stover,stovemat01
Darren Bennett,BennDa20
Terrell Owens,OwenTe00
Jeremiah Trotter,TrotJe00
Sam Adams,AdamSa00
Trace Armstrong,ArmsTr00
Champ Bailey,BailCh00
Chad Lewis,LewiCh00
Robert Smith,SmitRo00
Rod Smith,SmitRo01
Steve Wisniewski,WisnSt00
Martin Gramatica,gramamar01
Matt Birk,BirkMa00
Daunte Culpepper,CulpDa00
Brad Hopkins,HopkBr00
Desmond Howard,HowaDe00
Larry Izzo,IzzoLa00
Joe Johnson,JohnJo04
Brock Marion,MariBr00
Keith Mitchell,MitcKe00
Scott Player,PlaySc20
Ron Stone,StonRo00
Blaine Bishop,BishBl00
Sam Cowart,CowaSa00
Donnie Abraham,AbraDo00
Stephen Alexander,AlexSt00
Richie Anderson,AndeRi00
Marco Coleman,ColeMa00
Warrick Dunn,DunnWa00
Mark Fields,FielMa99
Jeff Garcia,GarcJe00
Charlie Garner,GarnCh00
Jason Gildon,GildJa00
Elvis Grbac,GrbaEl00
Brian Griese,GrieBr00
Robert Griffith,GrifRo00
Torry Holt,HoltTo00
Joe Horn,HornJo00
Lincoln Kennedy,KennLi00
Donovan McNabb,McNaDo00
Steve McNair,McNaSt00
Eric Moulds,MoulEr00
Tim Ruddy,RuddTi20
Korey Stringer,StriKo00
Brian Urlacher,UrlaBr00
Ted Washington,WashTe01
John Abraham,AbraJo00
David Boston,BostDa00
Alan Faneca,FaneAl00
Jamir Miller,MillJa01
Todd Sauerbrun,SaueTo20
Steve Smith,SmitSt01
David Akers,akersdav01
Curtis Martin,MartCu00
Ronde Barber,BarbRo00
Jermaine Lewis,LewiJe00
Troy Brown,BrowTr00
Rodney Harrison,HarrRo01
Priest Holmes,HolmPr00
Larry Whigham,WhigLa00
LaVar Arrington,ArriLa00
Ray Brown,BrowRa00
Ahman Green,GreeAh00
Shane Lechler,LechSh20
Marcellus Wiley,WileMa00
Jason Elam,elamxjas01
Ian Gold,GoldIa00
Olin Kreutz,KreuOl00
Deltha O'Neal,ONeaDe00
John Randle,RandJo00
Chris Samuels,SamuCh00
Kendrell Bell,BellKe20
Brett Favre,FavrBr00
Sammy Knight,KnigSa00
Adam Timmerman,TimmAd20
James Williams,WillJa03
Jerome Bettis,BettJe00
Tom Brady,BradTo00
Keith Brooking,BrooKe00
Dwayne Carswell,CarsDw00
Larry Centers,CentLa00
Byron Chamberlain,ChamBy00
Ken Dilger,DilgKe00
Bubba Franks,FranBu00
Garrison Hearst,HearGa00
Ty Law,LawxTy00
Ryan McNeil,McNeRy20
Jeremy Newberry,NewbJe00
Shannon Sharpe,SharSh00
Kordell Stewart,StewKo00
Tra Thomas,ThomTr00
Gary Walker,WalkGa00
Hines Ward,WardHi00
Al Wilson,WilsAl00
Michael Lewis,LewiMi00
Joey Porter,PortJo00
Patrick Surtain,SurtPa00
Ricky Williams,WillRi00
Adam Vinatieri,vinatada01
Bobby Taylor,TaylBo00
Aaron Glenn,GlenAa00
Fred McAfee,McAfFr00
Jeremy Shockey,ShocJe00
Kris Jenkins,JenkKr00
Barret Robbins,RobbBa00
Chris Hanson,HansCh20
Jermane Mayberry,MaybJe00
Deuce McAllister,McAlDe00
Richard Seymour,SeymRi00
Donnie Edwards,EdwaDo20
Dante Hall,HallDa00
Julian Peterson,PeteJu00
Jerry Rice,RiceJe00
LaDainian Tomlinson,TomlLa00
Michael Bennett,BennMi00
Drew Bledsoe,BledDr00
Marty Booker,BookMa00
Tim Bowens,BoweTi00
Donald Driver,DrivDo00
Todd Heap,HeapTo00
Travis Henry,HenrTr00
Lorenzo Neal,NealLo00
Shelton Quarles,QuarSh20
Marco Rivera,RiveMa01
Jon Runyan,RunyJo20
Michael Vick,VickMi00
Damien Woody,WoodDa20
Steve Hutchinson,HutcSt00
Jamal Lewis,LewiJa00
Roy Williams,WillRo03
Mike Vanderjagt,vandemik01
Ed Reed,ReedEd00
Keith Bulluck,BullKe00
Leonard Little,LittLe00
Chris McAlister,McAlCh00
Jerry Azumah,AzumJe00
Alex Bannister,BannAl00
Dwight Freeney,FreeDw00
Chad Johnson,JohnCh01
Marcus Stroud,StroMa01
Jeff Wilkins,wilkijef01
Dre' Bly,BlyxDr00
Alge Crumpler,CrumAl00
Adewale Ogunleye,OgunAd00
Takeo Spikes,SpikTa00
Adalius Thomas,ThomAd00
Craig Hentrich,hentrcra01
Willie Anderson,AndeWi00
Fred Beasley,BeasFr00
Flozell Adams,AdamFl00
Shaun Alexander,AlexSh00
LeCharles Bentley,BentLe00
Anquan Boldin,BoldAn00
Marc Bulger,BulgMa00
Corey Chavous,ChavCo00
Laveranues Coles,ColeLa00
Shaun Ellis,ElliSh00
Mike Flanagan,FlanMi00
Kabeer Gbaja-Biamila,GbajKa20
Trent Green,GreeTr00
Casey Hampton,HampCa00
Matt Hasselbeck,HassMa00
Keenan McCardell,McCaKe00
Willie McGinest,McGiWi00
Clinton Portis,PortCl00
Tony Richardson,RichTo00
Mike Rucker,RuckMi20
Corey Simon,SimoCo00
Gary Stills,StilGa00
Jerome Woods,WoodJe00
Eddie Drummond,DrumEd00
James Farrior,FarrJa99
Antonio Gates,GateAn00
Julius Peppers,PeppJu99
Kevin Williams,WillKe98
Brian Waters,WateBr55
Terrence McGee,McGeTe99
Lito Sheppard,ShepLi99
Jeff Hartings,HartJe55
William Henderson,HendWi00
Bertrand Berry,BerrBe99
Troy Polamalu,PolaTr99
Tiki Barber,BarbTi00
Michael Lewis,LewiMi99
Dan Morgan,MorgDa99
Ike Reese,ReesIk99
Jason Witten,WittJa00
Tedy Bruschi,BrusTe99
Patrick Kerney,KernPa99
Shaun Rogers,RogeSh99
Drew Brees,BreeDr00
Nate Clements,ClemNa99
Kendall Gammon,GammKe00
Tarik Glenn,GlenTa99
John Henderson,HendJo99
Tory James,JameTo99
Brian Jennings,JennBr00
Andre Johnson,JohnAn02
Rudi Johnson,JohnRu00
Allen Rossum,RossAl99
Aaron Smith,SmitAa99
Marvel Smith,SmitMa55
Terrell Suggs,SuggTe99
Javon Walker,WalkJa00
Marcus Washington,WashMa99
Brian Westbrook,WestBr00
Jerome Mathis,MathJe00
Brian Moorman,MoorBr24
Neil Rackers,rackenei01
Lance Briggs,BrigLa99
Osi Umenyiora,UmenOs99
Jamal Williams,WillJa99
Roderick Coleman,ColeRo99
Cato June,JuneCa99
Nathan Vasher,VashNa99
Bob Sanders,SandBo99
Jeff Saturday,SatuJe55
David Tyree,TyreDa00
Shawne Merriman,MerrSh99
Mack Strong,StroMa00
Josh Bidwell,BidwJo20
Mike Brown,BrowMi99
Derrick Burgess,BurgDe99
Tommie Harris,HarrTo99
Larry Johnson,JohnLa00
Santana Moss,MossSa00
Shayne Graham,grahasha01
Hanik Milligan,MillHa99
Koren Robinson,RobiKo00
Mike Wahle,WahlMi55
Mike Bartrum,BartMi00
Chris Chambers,ChamCh00
Jake Delhomme,DelhJa00
Larry Fitzgerald,FitzLa00
DeAngelo Hall,HallDe99
Carson Palmer,PalmCa00
Jake Plummer,PlumJa00
Mike Schneck,SchnMi20
Lofa Tatupu,TatuLo99
Robbie Tobeck,TobeRo55
Kyle Vanden Bosch,VandKy99
Jonathan Vilma,VilmJo99
Devin Hester,HestDe99
Rashean Mathis,MathRa99
Robbie Gould,gouldrob01
Justin Miller,MillJu99
Adrian Wilson,WilsAd99
Shawn Andrews,AndrSh55
Jammal Brown,BrowJa55
Brendon Ayanbadejo,AyanBr99
Frank Gore,GoreFr00
Steven Jackson,JackSt00
Aaron Kampman,KampAa99
Mat McBriar,McBrMa20
Aaron Schobel,SchoAa99
DeMarcus Ware,WareDe99
Nate Kaeding,kaedinat01
Kassim Osgood,OsgoKa00
Bart Scott,ScotBa20
David Binn,BinnDa20
Andre Gurode,GuroAn20
Nick Hardwick,HardNi55
Walt Harris,HarrWa21
Matt Light,LighMa20
Marcus McNeill,McNeMa20
Dave Moore,MoorDa00
Willie Parker,ParkWi00
Antonio Pierce,PierAn20
Philip Rivers,RivePh00
Tony Romo,RomoTo00
Will Smith,SmitWi99
Sean Taylor,TaylSe20
Reggie Wayne,WaynRe00
Pat Williams,WillPa20
Roy Williams,WillRo04
Vince Young,YounVi00
Jared Allen,AlleJa22
Albert Haynesworth,HaynAl20
Asante Samuel,SamuAs20
Patrick Willis,WillPa98
Rob Bironas,bironrob01
Josh Cribbs,CribJo01
Logan Mankins,MankLo20
Antonio Cromartie,CromAn20
Andy Lee,LeexAn20
Mike Vrabel,VrabMi20
Jason Peters,PeteJa21
DeMeco Ryans,RyanDe20
Marcus Trufant,TrufMa20
Braylon Edwards,EdwaBr00
Adrian Peterson,PeteAd01
Al Harris,HarrAl21
James Harrison,HarrJa23
Vince Wilfork,WilfVi20
Nick Folk,FolkNi20
Leonard Davis,DaviLe21
Dan Koppen,KoppDa20
Fred Taylor,TaylFr00
Joseph Addai,AddaJo00
Ethan Albright,AlbrEt20
Derek Anderson,AndeDe00
Marion Barber III,BarbMa01
Antoine Bethea,BethAn20
Chad Clifton,ClifCh20
Trent Cole,ColeTr20
Chris Cooley,CoolCh00
Kris Dielman,DielKr20
Darnell Dockett,DockDa20
Greg Ellis,ElliGr20
Ken Hamlin,HamlKe20
T.J. Houshmandzadeh,HousTJ00
Willis McGahee,McGaWi00
Terence Newman,NewmTe20
Ryan Pontbriand,PontRy20
Ben Roethlisberger,RoetBe00
Joe Thomas,ThomJo28
Kellen Winslow,WinsKe01
Michael Griffin,GrifMi99
Nnamdi Asomugha,AsomNn20
Cortland Finnegan,FinnCo20
Stephen Gostkowski,GostSt20
Jordan Gross,GrosJo20
Michael Roos,RoosMi20
Chris Snee,SneeCh20
Michael Turner,TurnMi00
Justin Tuck,TuckJu20
Shaun O'Hara,OHarSh20
Mario Williams,WillMa22
Jon Beason,BeasJo99
Le'Ron McClain,McClLe00
Leon Washington,WashLe00
Nick Collins,CollNi20
Clifton Smith,SmitCl22
Wes Welker,WelkWe00
Antoine Winfield,WinfAn20
John Carney,carnejoh01
Chris Johnson,JohnCh04
Thomas Jones,JoneTh00
Robert Mathis,MathRo20
Sean Morey,MoreSe00
Jay Ratliff,RatlJa20
Roddy White,WhitRo00
Ronnie Brown,BrowRo05
Kerry Collins,CollKe00
Jay Cutler,CutlJa00
Owen Daniels,DaniOw00
Zak DeOssie,DeOsZa99
Jeff Feagles,FeagJe20
Chris Hope,HopeCh21
Davin Joseph,JoseDa20
Jake Long,LongJa20
Marshawn Lynch,LyncMa00
Nick Mangold,MangNi20
Eli Manning,MannEl00
Brandon Marshall,MarsBr00
Darrelle Revis,ReviDa99
Mike Sellers,SellMi00
Casey Wiegmann,WiegCa20
David Garrard,GarrDa00
Donovan McNabb,McNaDo00
Aaron Rodgers,RodgAa00
Tony Romo ,RomoTo00
Matt Schaub,SchaMa00
Vince Young,YounVi00
Maurice Jones-Drew,DrewMa00
Ray Rice,RiceRa00
Frank Gore,GoreFr00
DeAngelo Williams,WillDe02
Leonard Weaver,WeavLe00
Vincent Jackson,JackVi00
Sidney Rice,RiceSi01
Miles Austin,AustMi00
Chad Johnson ,JohnCh01
Steve Smith,SmitSt02
Roddy White,WhitRo00
Dallas Clark,ClarDa00
Vernon Davis,DaviVe00
Heath Miller,MillHe00
Ryan Clady,CladRy20
Jon Stinchcomb,StinJo20
David Diehl,DiehDa21
D'Brickashaw Ferguson ,FergDB20
Bryant McKinnie,McKiBr21
Jahri Evans,EvanJa21
Chris Snee,SneeCh20
Ryan Kalil,KaliRy20
Jonathan Goodwin,GoodJo23
Kevin Mawae,MawaKe00
Shaun Ellis,ElliSh00
Kyle Vanden Bosch,VandKy99
Haloti Ngata,NgatHa20
Justin Smith,SmitJu20
Elvis Dumervil,DumeEl20
LaMarr Woodley,WoodLa99
Brian Cushing,CushBr99
Clay Matthews,MattCl99
Brian Orakpo,OrakBr99
Jon Beason,BeasJo99
London Fletcher,FletLo20
Dominique Rodgers-Cromartie,RodgDo99
Mike Jenkins,JenkMi99
Terence Newman,NewmTe20
Antoine Winfield,WinfAn20
Yeremiah Bell,BellYe20
Roman Harper,HarpRo21
Quintin Mikell,MikeQu20
Jairus Byrd,ByrdJa99
Antoine Bethea,BethAn20
Brandon Meriweather,MeriBr99
Antrel Rolle,RollAn20
Jon Condo,CondJo20
Jon Dorenbos,DoreJo20
Dan Carpenter,CarpDa44
DeSean Jackson,JackDe00
Percy Harvin,HarvPe00
Johnny Knox,KnoxJo00
Heath Farwell,FarwHe20
Matt Ryan,RyanMa00
Matt Cassel,CassMa00
Jamaal Charles,CharJa00
Arian Foster,FostAr00
Chris Johnson ,JohnCh04
Ovie Mughelli,MughOv00
Vonta Leach,LeacVo00
Brandon Lloyd,LloyBr00
Calvin Johnson,JohnCa00
Dwayne Bowe,BoweDw00
Miles Austin,AustMi00
Larry Fitzgerald,FitzLa00
Greg Jennings,JennGr00
Wes Welker,WelkWe00
Marcedes Lewis,LewiMa00
Zach Miller,MillZa01
Tyson Clabo,ClabTy20
D'Brickashaw Ferguson,FergDB20
Matt Light,LighMa20
Donald Penn,PennDo20
Carl Nicks,NickCa20
Maurkice Pouncey,PounMa20
Alex Mack,MackAl20
Jeff Saturday ,SatuJe55
Jason Babin,BabiJa20
Randy Starks,StarRa20
Ndamukong Suh,SuhxNd99
Kyle Williams,WillKy20
Justin Smith,SmitJu20
Darnell Dockett,DockDa20
Clay Matthews,MattCl99
Cameron Wake,WakeCa00
Brian Orakpo,OrakBr99
Shaun Phillips,PhilSh20
Jerod Mayo,MayoJe99
E.J. Henderson,HendE.20
Devin McCourty,McCoDe99
Champ Bailey,BailCh00
Brent Grimes,GrimBr20
Eric Berry ,BerrEr99
Antrel Rolle,RollAn20
Brandon Meriweather,MeriBr99
John Denney,DennJo20
Billy Cundiff,cundibil01
Marc Mariani,MariMa00
Eric Weems,WeemEr00
Montell Owens,OwenMo01
Tramon Williams,WillTr99
Brett Keisel,KeisBr20
Andy Dalton,DaltAn00
Cam Newton,NewtCa00
LeSean McCoy,McCoLe01
Marshawn Lynch ,LyncMa00
Matt Forte,FortMa00
Ryan Mathews,MathRy00
Willis McGahee,McGaWi00
John Kuhn,KuhnJo00
Michael Robinson,RobiMi00
Mike Wallace,WallMi00
A.J. Green,GreeA.00
Rob Gronkowski,GronRo00
Jimmy Graham,GrahJi00
Jermaine Gresham,GresJe00
Joe Staley,StalJo20
Jermon Bushrod,BushJe20
Ryan Clady,CladRy20
Marshal Yanda,YandMa20
Ben Grubbs,GrubBe20
Brandon Moore,MoorBr20
Chris Myers,MyerCh20
Ryan Kalil,KaliRy20
Scott Wells,WellSc20
Jason Pierre-Paul,PierJa99
Andre Carter,CartAn20
Julius Peppers,PeppJu99
Antonio Smith,SmitAn22
Geno Atkins,AtkiGe99
B.J. Raji,RajiBJ99
Paul Soliai,SoliPa99
Von Miller,MillVo00
Tamba Hali,HaliTa20
Chad Greenway,GreeCh99
James Harrison,HarrJa23
Derrick Johnson,JohnDe25
Johnathan Joseph,JoseJo20
Carlos Rogers,RogeCa20
Brandon Browner,BrowBr00
Charles Tillman,TillCh20
Brian Dawkins,DawkBr00
Eric Weddle,WeddEr99
Earl Thomas,ThomEa99
Dashon Goldson,GoldDa99
Kam Chancellor ,ChanKa99
Ryan Clark,ClarRy20
Sebastian Janikowski,janikseb01
Patrick Peterson,PetePa00
Antonio Brown,BrowAn04
Matthew Slater,SlatMa00
Corey Graham,GrahCo99
Montell Owens,OwenMo01
Tom Brady ,BradTo00
Aaron Rodgers ,RodgAa00
Drew Brees,BreeDr00
Robert Griffin III,GrifRo01
Andrew Luck ,LuckAn00
Eli Manning ,MannEl00
Matt Ryan,RyanMa00
Matt Schaub,SchaMa00
Russell Wilson ,WilsRu00
C.J. Spiller,SpilC.00
Frank Gore,GoreFr00
Doug Martin ,MartDo00
Ray Rice,RiceRa00
Vonta Leach,LeacVo00
Jerome Felton,FeltJe00
Marcel Reece ,ReecMa00
Calvin Johnson ,JohnCa00
Brandon Marshall,MarsBr00
Victor Cruz,CruzVi00
Julio Jones,JoneJu02
Demaryius Thomas,ThomDe03
Wes Welker,WelkWe00
Rob Gronkowski ,GronRo00
Tony Gonzalez,GonzTo00
Owen Daniels,DaniOw00
Heath Miller,MillHe00
Kyle Rudolph ,RudoKy00
Duane Brown,BrowDu20
Ryan Clady,CladRy20
Joe Staley ,StalJo20
Russell Okung,OkunRu20
Jermon Bushrod,BushJe20
Matt Kalil,KaliMa00
Andrew Whitworth,WhitAn20
Trent Williams,WillTr21
Mike Iupati,IupaMi20
Marshal Yanda ,YandMa20
Logan Mankins,MankLo20
Zane Beadles,BeadZa20
Richie Incognito,IncoRi20
Josh Sitton,SittJo20
Wade Smith,SmitWa21
Max Unger,UngeMa20
Chris Myers,MyerCh20
J.J. Watt,WattJ.00
Geno Atkins,AtkiGe99
Vince Wilfork,WilfVi20
Justin Smith,SmitJu20
Gerald McCoy,McCoGe99
Haloti Ngata,NgatHa20
Ndamukong Suh,SuhxNd99
Henry Melton,MeltHe99
Von Miller,MillVo00
Aldon Smith,SmitAl04
DeMarcus Ware,WareDe99
Clay Matthews,MattCl99
Justin Houston,HousJu00
Ryan Kerrigan,KerrRy00
Anthony Spencer,SpenAn99
Patrick Willis,WillPa98
NaVorro Bowman ,BowmNa99
Daryl Washington,WashDa99
Tim Jennings,JennTi20
Eric Berry,BerrEr99
LaRon Landry,LandLa99
William Moore,MoorWi99
Donte Whitner,WhitDo20
Jairus Byrd ,ByrdJa99
Dashon Goldson,GoldDa99
Thomas DeCoud,DeCoTh99
Ed Reed,ReedEd00
Don Muhlbach,MuhlDo20
Blair Walsh,WalsBl00
Phil Dawson,dawsophi01
Thomas Morstead,MorsTh00
Dustin Colquitt,ColqDu20
Jacoby Jones,JoneJa03
Josh Cribbs,CribJo01
Lorenzo Alexander,AlexLo99
Peyton Manning ,MannPe00
Nick Foles,FoleNi00
Cam Newton,NewtCa00
Alex Smith,SmitAl03
Russell Wilson ,WilsRu00
Eddie Lacy,LacyEd00
Adrian Peterson,PeteAd01
Marshawn Lynch ,LyncMa00
Alfred Morris ,MorrAl00
DeMarco Murray,MurrDe00
Mike Tolbert,TolbMi00
Marcel Reece,ReecMa00
Josh Gordon,GordJo02
Andre Johnson ,JohnAn02
Demaryius Thomas,ThomDe03
Dez Bryant,BryaDe01
DeSean Jackson,JackDe00
Alshon Jeffery,JeffAl00
Jordan Cameron,CameJo00
Vernon Davis ,DaviVe00
Tony Gonzalez,GonzTo00
Julius Thomas,ThomJu00
Jason Witten,WittJa00
Jason Peters ,PeteJa21
Tyron Smith,SmitTy00
Branden Albert,AlbeBr20
Trent Williams,WillTr21
Duane Brown,BrowDu20
Jordan Gross,GrosJo20
Evan Mathis,MathEv20
Louis Vasquez,VasqLo20
Ben Grubbs,GrubBe20
Kyle Long ,LongKy00
Alex Mack,MackAl20
Nick Mangold,MangNi20
Mike Pouncey,PounMi00
Max Unger,UngeMa20
Robert Quinn,QuinRo00
Greg Hardy,HardGr99
Cameron Jordan,JordCa00
Marcell Dareus,DareMa00
Kyle Williams,WillKy20
Dontari Poe,PoexDo00
Jason Hatcher,HatcJa20
Ahmad Brooks,BrooAh21
Justin Houston,HousJu00
Luke Kuechly,KuecLu00
Vontaze Burfict,BurfVo00
Derrick Johnson ,JohnDe25
Paul Posluszny,PoluPa99
Richard Sherman,SherRi00
Joe Haden,HadeJo99
Brent Grimes,GrimBr20
Aqib Talib,TaliAq99
Alterraun Verner,VernAl99
Antonio Cromartie,CromAn20
Brandon Flowers,FlowBr99
Tim Jennings,JennTi20
Kam Chancellor ,ChanKa99
T.J. Ward,WardT.99
Troy Polamalu,PolaTr99
Earl Thomas,ThomEa99
Eric Reid,ReidEr00
J.J. Jansen,JansJ.00
Matt Overton,OverMa00
Justin Tucker,TuckJu00
Matt Prater,PratMa20
Stephen Gostkowski,GostSt20
Johnny Hekker,HekkJo00
Brandon Fields,FielBr20
Cordarrelle Patterson,PattCo00
Dexter McCluster,McClDe00
Justin Bethel,BethJu00
Ben Roethlisberger,RoetBe00
Andrew Luck,LuckAn00
Matt Ryan,RyanMa00
Matthew Stafford,StafMa00
Le'Veon Bell,BellLe00
Darren Sproles,SproDa00
DeMarco Murray,MurrDe00
Justin Forsett,ForsJu00
C.J. Anderson,AndeC.00
Arian Foster ,FostAr00
Mark Ingram,IngrMa01
LeSean McCoy,McCoLe01
Dez Bryant,BryaDe01
Matthew Slater,SlatMa00
Jordy Nelson,NelsJo00
Odell Beckham Jr.,BeckOd00
Julio Jones ,JoneJu02
Emmanuel Sanders ,SandEm00
Randall Cobb,CobbRa00
T.Y. Hilton,HiltT.00
Golden Tate,TateGo00
Greg Olsen,OlseGr00
Martellus Bennett ,BennMa00
Josh Sitton,SittJo20
Kyle Long,LongKy00
Zack Martin,MartZa00
Jahri Evans ,EvanJa21
Travis Frederick,FredTr00
Jason Kelce,KelcJa00
Mike Pouncey,PounMi00
Calais Campbell,CampCa99
Ndamukong Suh,SuhxNd99
Marcell Dareus,DareMa00
Gerald McCoy,McCoGe99
Aaron Donald,DonaAa00
Sheldon Richardson ,RichSh00
Connor Barwin,BarwCo99
Lawrence Timmons,TimmLa99
D'Qwell Jackson,JackDQ20
C.J. Mosley,MoslC.00
Justin Houston,HousJu00
Bobby Wagner,WagnBo00
Darrelle Revis,ReviDa99
Vontae Davis,DaviVo99
Sam Shields,ShieSa00
Aqib Talib,TaliAq99
Mike Adams,AdamMi21
Darrell Stuckey,StucDa20
T.J. Ward,WardT.99
Glover Quin,QuinGl99
Donte Whitner,WhitDo20
L.P. Ladouceur,LadoL.20
Chris Harris Jr.,HarrCh01
Tashaun Gipson,GipsTa00
Stephen Gostkowski,GostSt20
Cody Parkey,ParkCo03
Pat McAfee,McAfPa44
Kevin Huber,HubeKe20
Cam Newton,NewtCa00
Carson Palmer,PalmCa00
Teddy Bridgewater,BridTe00
Derek Carr,CarrDe02
Tyrod Taylor ,TaylTy00
Russell Wilson,WilsRu00
Jameis Winston,WinsJa00
Doug Martin,MartDo00
Chris Ivory,IvorCh00
Latavius Murray,MurrLa00
Devonta Freeman,FreeDe00
Todd Gurley,GurlTo01
Jonathan Stewart,StewJo00
Patrick DiMarco,DiMaPa00
Mike Tolbert,TolbMi00
John Kuhn,KuhnJo00
Antonio Brown ,BrowAn04
Jarvis Landry ,LandJa00
Larry Fitzgerald,FitzLa00
DeAndre Hopkins,HopkDe00
Odell Beckham Jr.,BeckOd00
Amari Cooper,CoopAm00
T.Y. Hilton,HiltT.00
Allen Robinson,RobiAl02
Greg Olsen,OlseGr00
Delanie Walker,WalkHu00
Gary Barnidge,BarnGa01
Tyler Eifert,EifeTy00
Travis Kelce,KelcTr00
Branden Albert ,AlbeBr20
David DeCastro,DeCaDa00
Richie Incognito,IncoRi20
Trai Turner,TurnTr01
Ryan Kalil,KaliRy20
Mike Pouncey,PounMi00
Eric Wood,WoodEr20
Andrew Whitworth,WhitAn20
Khalil Mack,MackKh00
J.J. Watt,WattJ.00
Ezekiel Ansah,AnsaEz00
Cameron Jordan,JordCa00
Michael Bennett,BennMi99
Carlos Dunlap,DunlCa99
Everson Griffen,GrifEv99
Chandler Jones,JoneCh03
Kawann Short,ShorKa00
Fletcher Cox,CoxxFl00
Muhammad Wilkerson,WilkMu00
Jurrell Casey,CaseJu00
Thomas Davis ,DaviTh20
Anthony Barr,BarrAn00
Sean Lee ,LeexSe99
Luke Kuechly,KuecLu00
NaVorro Bowman,BowmNa99
Lavonte David,DaviLa00
Jamie Collins,CollJa00
Bobby Wagner,WagnBo00
Richard Sherman,SherRi00
Marcus Peters,PeteMa00
Adam Jones,JonePa20
Dominique Rodgers-Cromartie,RodgDo99
Desmond Trufant,TrufDe00
Jason Verrett,VerrJa00
Reshad Jones,JoneRe99
Malcolm Jenkins,JenkMa99
Reggie Nelson,NelsRe99
Morgan Cox,CoxxMo00
Jon Weeks,WeekJo00
Harrison Smith,SmitHa00
Tyrann Mathieu,MathTy00
Patrick Peterson,PetePa00
Josh Norman,NormJo01
Chris Harris Jr.,HarrCh01
Malcolm Butler,ButlMa01
Dan Bailey,BailDa00
Josh Brown ,brownjos01
Sam Koch,KochSa20
Tyler Lockett,LockTy00
Cedric Peerman,PeerCe00
Derek Carr,CarrDe02
Kirk Cousins,CousKi00
Andy Dalton,DaltAn00
Dak Prescott,PresDa01
Alex Smith,SmitAl03
Ezekiel Elliott,ElliEz00
David Johnson,JohnDa08
Jay Ajayi,AjayJa00
Devonta Freeman ,FreeDe00
Melvin Gordon,GordMe00
Jordan Howard,HowaJo00
Kyle Juszczyk,JuszKy00
Tyreek Hill,HillTy00
Mike Evans,EvanMi00
Doug Baldwin,BaldDo00
Amari Cooper,CoopAm00
A.J. Green,GreeA.00
Jarvis Landry,LandJa00
Emmanuel Sanders,SandEm00
Demaryius Thomas,ThomDe03
Jordan Reed,ReedJo02
Delanie Walker,WalkHu00
Donald Penn,PennDo20
David Bakhtiari,BakhDa00
Kelechi Osemele,OsemKe00
T.J. Lang,LangT.20
Brandon Scherff,ScheBr00
Trai Turner,TurnTr01
Rodney Hudson,HudsRo00
Alex Mack,MackAl20
Maurkice Pouncey,PounMa20
Jeremy Zuttah,ZuttJe20
Taylor Lewan,LewaTa00
Khalil Mack,MackKh00
Jadeveon Clowney,ClowJa00
Vic Beasley,BeasVi00
Cliff Avril,AvriCl99
Carlos Dunlap,DunlCa99
Everson Griffen,GrifEv99
Leonard Williams,WillLe02
Aaron Donald,DonaAa00
Jurrell Casey,CaseJu00
Linval Joseph,JoseLi99
K.J. Wright,WrigK.00
Thomas Davis,DaviTh20
Ryan Shazier,ShazRy00
Sean Lee,LeexSe99
Dont'a Hightower ,HighDo01
Ryan Kerrigan,KerrRy00
Zach Brown,BrowZa00
C.J. Mosley,MoslC.00
Anthony Barr,BarrAn00
Marcus Peters ,PeteMa00
Janoris Jenkins,JenkJa03
Casey Hayward,HaywCa00
Stephon Gilmore,GilmSt00
Xavier Rhodes,RhodXa00
Landon Collins,CollLa00
Eric Berry ,BerrEr99
Darian Stewart,StewDa00
Devin McCourty,McCoDe99
Reggie Nelson,NelsRe99
Harrison Smith,SmitHa00
Jake McQuaide,McQuJa00
Ha Ha Clinton-Dix,ClinHa00
Matt Bryant,bryanmat01
Matt Prater,PratMa20
Pat McAfee,McAfPa44
Dwayne Harris,HarrDw00
D.J. Alexander,AlexD.00
Carson Wentz ,WentCa00
Derek Carr,CarrDe02
Jared Goff,GoffJa00
Philip Rivers,RivePh00
Le'Veon Bell,BellLe00
Alvin Kamara,KamaAl00
Kareem Hunt,HuntKa00
James Develin,DeveJa00
Roosevelt Nix,NixxRo01
DeAndre Hopkins,HopkDe00
Keenan Allen,AlleKe00
Adam Thielen,ThieAd00
Michael Thomas,ThomMi05
Davante Adams,AdamDa01
Doug Baldwin ,BaldDo00
Travis Kelce,KelcTr00
Zach Ertz,ErtzZa00
Jack Doyle,DoylJa00
Jimmy Graham,GrahJi00
Lane Johnson,JohnLa01
Alejandro Villanueva,VillAl00
Joe Staley ,StalJo20
Russell Okung,OkunRu20
Tyron Smith,SmitTy00
Zack Martin ,MartZa00
Brandon Brooks,BrooBr00
T.J. Lang,LangT.20
Trai Turner,TurnTr01
Larry Warford ,WarfLa00
Calais Campbell,CampCa99
Everson Griffen,GrifEv99
Cameron Heyward,HeywCa01
DeMarcus Lawrence,LawrDe00
Joey Bosa,BosaJo00
Jadeveon Clowney,ClowJa00
Michael Bennett ,BennMi99
Melvin Ingram,IngrMe00
Yannick Ngakoue,NgakYa00
Fletcher Cox,CoxxFl00
Malik Jackson,JackMa02
Mike Daniels,DaniMi00
Linval Joseph,JoseLi99
Thomas Davis ,DaviTh20
Chandler Jones,JoneCh03
Ryan Kerrigan,KerrRy00
Ryan Shazier,ShazRy00
Deion Jones,JoneDe01
Telvin Smith,SmitTe01
Kwon Alexander,AlexKw00
Anthony Barr,BarrAn00
Joe Schobert,SchoJo00
Jalen Ramsey,RamsJa00
Darius Slay,SlayDa00
A.J. Bouye,BouyA.00
Marshon Lattimore,LattMa01
Kevin Byard ,ByarKe01
Micah Hyde,HydeMi00
Landon Collins,CollLa00
Malcolm Jenkins,JenkMa99
Reshad Jones,JoneRe99
Keanu Neal,NealKe01
Clark Harris,HarrCl20
Greg Zuerlein,ZuerGr00
Chris Boswell,BoswCh00
Graham Gano,GanoGr44
Brett Kern,KernBr20
Pharoh Cooper,CoopPh00
Budda Baker,BakeBu00
Brynden Trawick,TrawBr00
Patrick Mahomes,MahoPa00
Drew Brees,BreeDr00
Jared Goff,GoffJa00
Dak Prescott ,PresDa01
Mitchell Trubisky ,TrubMi00
Deshaun Watson ,WatsDe00
Todd Gurley,GurlTo01
Saquon Barkley,BarkSa00
Phillip Lindsay,LindPh00
Alvin Kamara ,KamaAl00
James Conner,ConnJa00
Melvin Gordon,GordMe00
Lamar Miller,MillLa01
Anthony Sherman,SherAn00
Michael Thomas,ThomMi05
Davante Adams,AdamDa01
Mike Evans,EvanMi00
JuJu Smith-Schuster,SmitJu00
George Kittle,KittGe00
Jared Cook,CookJa02
Eric Ebron,EbroEr00
Austin Hooper,HoopAu00
Terron Armstead,ArmsTe00
Eric Fisher,FishEr00
Lane Johnson,JohnLa01
Charles Leno Jr.,LenoCh00
Jake Matthews,MattJa00
Quenton Nelson,NelsQu00
Joel Bitonio,BitoJo00
David DeCastro,DeCaDa00
Andrus Peat,PeatAn00
Cody Whitehair,WhitCo03
Danielle Hunter,HuntDa01
Myles Garrett,GarrMy00
Calais Campbell,CampCa99
Melvin Ingram,IngrMe00
Geno Atkins,AtkiGe99
Akiem Hicks,HickAk00
DeForest Buckner ,BuckDe00
Jurrell Casey,CaseJu00
Cameron Heyward,HeywCa01
Kawann Short,ShorKa00
Brandon Williams,WillBr02
Dee Ford,FordDe00
Olivier Vernon,VernOl00
T.J. Watt ,WattT.00
Leighton Vander Esch,VandLe00
Benardrick McKinney,McKiBe00
Kyle Fuller,FullKy00
Stephon Gilmore,GilmSt00
Byron Jones,JoneBy00
Xavien Howard,HowaXa00
Chris Harris Jr.,HarrCh01
Denzel Ward,WardDe02
Jamal Adams,AdamJa00
Eddie Jackson,JackEd01
Derwin James,JameDe00
Casey Kreiter,KreiCa00
Aldrick Rosas,RosaAl00
Jason Myers,MyerJa00
Michael Dickson,DickMi00
Andre Roberts,RobeAn00
Tarik Cohen,CoheTa00
Adrian Phillips,PhilAd00
Cory Littleton,LittCo01
Michael Thomas,ThomMi02
Lamar Jackson,JackLa00
Patrick Mahomes ,MahoPa00
Ryan Tannehill,TannRy00
Deshaun Watson,WatsDe00
Christian McCaffrey,McCaCh01
Derrick Henry,HenrDe00
Nick Chubb,ChubNi00
Dalvin Cook,CookDa01
C.J. Ham,HamxC.00
Kyle Juszczyk,JuszKy00
Alvin Kamara ,KamaAl00
Patrick Ricard,RicaPa00
Deonte Harris,HarrDe07
Chris Godwin,GodwCh00
Mecole Hardman,HardMe00
Mike Evans,EvanMi00
DJ Chark,CharDJ00
Kenny Golladay,GollKe00
Tyreek Hill,HillTy00
Courtland Sutton,SuttCo00
George Kittle,KittGe00
Mark Andrews,AndrMa00
Jared Cook,CookJa02
Jack Doyle,DoylJa00
Austin Hooper,HoopAu00
Ronnie Stanley,StanRo00
David Bakhtiari,BakhDa00
Laremy Tunsil,TunsLa00
Terron Armstead,ArmsTe00
Orlando Brown Jr.,BrowOr00
Trent Brown,BrowTr02
Lane Johnson,JohnLa01
Andrus Peat,PeatAn00
Joel Bitonio,BitoJo00
Larry Warford,WarfLa00
Ryan Kelly,KellRy00
Josh Allen,AlleJo03
Nick Bosa,BosaNi00
Frank Clark ,ClarFr01
Grady Jarrett,JarrGr00
Chris Jones,JoneCh09
Kenny Clark,ClarKe01
T.J. Watt,WattT.00
Matt Judon,JudoMa00
Darius Leonard,LeonDa00
Eric Kendricks,KendEr00
Za'Darius Smith,SmitZa00
Shaquil Barrett,BarrSh00
Tremaine Edmunds,EdmuTr01
Jaylon Smith,SmitJa05
Rick Lovato,LovaRi00
Minkah Fitzpatrick,FitzMi00
Tre'Davious White,WhitTr01
Marlon Humphrey,HumpMa00
Marshon Lattimore ,LattMa01
Shaquill Griffin,GrifSh00
Jalen Ramsey,RamsJa00
Wil Lutz,LutzWi00
Tress Way,WayxTr00
Josh Allen,AlleJo02
Kyler Murray,MurrKy00
Josh Jacobs,JacoJo01
Aaron Jones,JoneAa00
A.J. Brown,BrowAJ00
Stefon Diggs,DiggSt00
Justin Jefferson,JeffJu00
D.K. Metcalf,MetcDK00
Evan Engram,EngrEv00
T.J. Hockenson,HockTJ00
Darren Waller,WallDa01
Elgton Jenkins,JenkEl00
Brandon Scherff,ScheBr00
Frank Ragnow,RagnFr00
Joey Bosa,BosaJo00
Frank Clark,ClarFr01
Brandon Graham,GrahBr99
Chase Young,YounCh04
Chris Jones,JoneCh09
Bradley Chubb,ChubBr00
Fred Warner,WarnFr00
Jaire Alexander,AlexJa00
James Bradberry,BradJa00
Tyrann Mathieu,MathTy00
Quandre Diggs,DiggQu00
Justin Simmons,SimmJu00
Tyler Ott,OttxTy00
Younghoe Koo,KooxYo00
Jake Bailey,BailJa00
Jack Fox,FoxxJa01
Nick Bellore,BellNi01
